name,subtitle,shorthand,role,credits,year,media_path,media_feature,visible,category,blurb,tags,media_aspect,cover_media,cover_embed-or-image,link,gallery_columns
Field Reports,Nike,nike,ADD'TL VFX,"Director, Anton du Preez [https://www.antondupreez.com/];
VFX Studio,Corduroy[https://corduroy.studio/];
VFX Artist,Greg Joblove;
Client, Nike ACG;",3/1/2026,"Nike-ACG-LavaLoft_Breathe.webm, CFX_Nike_FieldReports_01.webm, CFX_Nike_FieldReports_02.webm",,FALSE,VFX,"I was resposible for building a CG grass system and comp work for the central shot in the short, ""Breathe.""","simulation, cg comp",h,image,,,2
49ers Rivals,Nike/NFL,niners-rivals,,"VFX Studio,Corduroy[https://corduroy.studio/];
VFX Artist, Greg Joblove;
Client, Nike/NFL/49ers;",12/24/2025,"CFX-Nike_Niners_Still.webp, CFX-Nike_Niners_Still.webp, CFX-Nike_Niners_Breakdown.webm, CFX-Nike_Niners_Turntable.webm",FALSE,TRUE,VFX,"Working with Corduroy, I created CG grillz themed with Nike and San Fransisco 49ers branding to replace a practically shot prop. This involved using refrence to rebuild the lighting envionrment, track the players head, and some clever compositing.",cg comp,v,embed,"<blockquote class=""instagram-media"" data-instgrm-permalink=""https://www.instagram.com/reel/DTDYJupjVYv/?utm_source=ig_embed&amp;utm_campaign=loading"" data-instgrm-version=""14"" style="" background:#FFF; border:0; border-radius:3px; box-shadow:0 0 1px 0 rgba(0,0,0,0.5),0 1px 10px 0 rgba(0,0,0,0.15); margin: 1px; max-width:540px; min-width:326px; padding:0; width:99.375%; width:-webkit-calc(100% - 2px); width:calc(100% - 2px);""><div style=""padding:16px;""> <a href=""https://www.instagram.com/reel/DTDYJupjVYv/?utm_source=ig_embed&amp;utm_campaign=loading"" style="" background:#FFFFFF; line-height:0; padding:0 0; text-align:center; text-decoration:none; width:100%;"" target=""_blank""> <div style="" display: flex; flex-direction: row; align-items: center;""> <div style=""background-color: #F4F4F4; border-radius: 50%; flex-grow: 0; height: 40px; margin-right: 14px; width: 40px;""></div> <div style=""display: flex; flex-direction: column; flex-grow: 1; justify-content: center;""> <div style="" background-color: #F4F4F4; border-radius: 4px; flex-grow: 0; height: 14px; margin-bottom: 6px; width: 100px;""></div> <div style="" background-color: #F4F4F4; border-radius: 4px; flex-grow: 0; height: 14px; width: 60px;""></div></div></div><div style=""padding: 19% 0;""></div> <div style=""display:block; height:50px; margin:0 auto 12px; width:50px;""><svg width=""50px"" height=""50px"" viewBox=""0 0 60 60"" version=""1.1"" xmlns=""https://www.w3.org/2000/svg"" xmlns:xlink=""https://www.w3.org/1999/xlink""><g stroke=""none"" stroke-width=""1"" fill=""none"" fill-rule=""evenodd""><g transform=""translate(-511.000000, -20.000000)"" fill=""#000000""><g><path d=""M556.869,30.41 C554.814,30.41 553.148,32.076 553.148,34.131 C553.148,36.186 554.814,37.852 556.869,37.852 C558.924,37.852 560.59,36.186 560.59,34.131 C560.59,32.076 558.924,30.41 556.869,30.41 M541,60.657 C535.114,60.657 530.342,55.887 530.342,50 C530.342,44.114 535.114,39.342 541,39.342 C546.887,39.342 551.658,44.114 551.658,50 C551.658,55.887 546.887,60.657 541,60.657 M541,33.886 C532.1,33.886 524.886,41.1 524.886,50 C524.886,58.899 532.1,66.113 541,66.113 C549.9,66.113 557.115,58.899 557.115,50 C557.115,41.1 549.9,33.886 541,33.886 M565.378,62.101 C565.244,65.022 564.756,66.606 564.346,67.663 C563.803,69.06 563.154,70.057 562.106,71.106 C561.058,72.155 560.06,72.803 558.662,73.347 C557.607,73.757 556.021,74.244 553.102,74.378 C549.944,74.521 548.997,74.552 541,74.552 C533.003,74.552 532.056,74.521 528.898,74.378 C525.979,74.244 524.393,73.757 523.338,73.347 C521.94,72.803 520.942,72.155 519.894,71.106 C518.846,70.057 518.197,69.06 517.654,67.663 C517.244,66.606 516.755,65.022 516.623,62.101 C516.479,58.943 516.448,57.996 516.448,50 C516.448,42.003 516.479,41.056 516.623,37.899 C516.755,34.978 517.244,33.391 517.654,32.338 C518.197,30.938 518.846,29.942 519.894,28.894 C520.942,27.846 521.94,27.196 523.338,26.654 C524.393,26.244 525.979,25.756 528.898,25.623 C532.057,25.479 533.004,25.448 541,25.448 C548.997,25.448 549.943,25.479 553.102,25.623 C556.021,25.756 557.607,26.244 558.662,26.654 C560.06,27.196 561.058,27.846 562.106,28.894 C563.154,29.942 563.803,30.938 564.346,32.338 C564.756,33.391 565.244,34.978 565.378,37.899 C565.522,41.056 565.552,42.003 565.552,50 C565.552,57.996 565.522,58.943 565.378,62.101 M570.82,37.631 C570.674,34.438 570.167,32.258 569.425,30.349 C568.659,28.377 567.633,26.702 565.965,25.035 C564.297,23.368 562.623,22.342 560.652,21.575 C558.743,20.834 556.562,20.326 553.369,20.18 C550.169,20.033 549.148,20 541,20 C532.853,20 531.831,20.033 528.631,20.18 C525.438,20.326 523.257,20.834 521.349,21.575 C519.376,22.342 517.703,23.368 516.035,25.035 C514.368,26.702 513.342,28.377 512.574,30.349 C511.834,32.258 511.326,34.438 511.181,37.631 C511.035,40.831 511,41.851 511,50 C511,58.147 511.035,59.17 511.181,62.369 C511.326,65.562 511.834,67.743 512.574,69.651 C513.342,71.625 514.368,73.296 516.035,74.965 C517.703,76.634 519.376,77.658 521.349,78.425 C523.257,79.167 525.438,79.673 528.631,79.82 C531.831,79.965 532.853,80.001 541,80.001 C549.148,80.001 550.169,79.965 553.369,79.82 C556.562,79.673 558.743,79.167 560.652,78.425 C562.623,77.658 564.297,76.634 565.965,74.965 C567.633,73.296 568.659,71.625 569.425,69.651 C570.167,67.743 570.674,65.562 570.82,62.369 C570.966,59.17 571,58.147 571,50 C571,41.851 570.966,40.831 570.82,37.631""></path></g></g></g></svg></div><div style=""padding-top: 8px;""> <div style="" color:#3897f0; font-family:Arial,sans-serif; font-size:14px; font-style:normal; font-weight:550; line-height:18px;"">View this post on Instagram</div></div><div style=""padding: 12.5% 0;""></div> <div style=""display: flex; flex-direction: row; margin-bottom: 14px; align-items: center;""><div> <div style=""background-color: #F4F4F4; border-radius: 50%; height: 12.5px; width: 12.5px; transform: translateX(0px) translateY(7px);""></div> <div style=""background-color: #F4F4F4; height: 12.5px; transform: rotate(-45deg) translateX(3px) translateY(1px); width: 12.5px; flex-grow: 0; margin-right: 14px; margin-left: 2px;""></div> <div style=""background-color: #F4F4F4; border-radius: 50%; height: 12.5px; width: 12.5px; transform: translateX(9px) translateY(-18px);""></div></div><div style=""margin-left: 8px;""> <div style="" background-color: #F4F4F4; border-radius: 50%; flex-grow: 0; height: 20px; width: 20px;""></div> <div style="" width: 0; height: 0; border-top: 2px solid transparent; border-left: 6px solid #f4f4f4; border-bottom: 2px solid transparent; transform: translateX(16px) translateY(-4px) rotate(30deg)""></div></div><div style=""margin-left: auto;""> <div style="" width: 0px; border-top: 8px solid #F4F4F4; border-right: 8px solid transparent; transform: translateY(16px);""></div> <div style="" background-color: #F4F4F4; flex-grow: 0; height: 12px; width: 16px; transform: translateY(-4px);""></div> <div style="" width: 0; height: 0; border-top: 8px solid #F4F4F4; border-left: 8px solid transparent; transform: translateY(-4px) translateX(8px);""></div></div></div> <div style=""display: flex; flex-direction: column; flex-grow: 1; justify-content: center; margin-bottom: 24px;""> <div style="" background-color: #F4F4F4; border-radius: 4px; flex-grow: 0; height: 14px; margin-bottom: 6px; width: 224px;""></div> <div style="" background-color: #F4F4F4; border-radius: 4px; flex-grow: 0; height: 14px; width: 144px;""></div></div></a><p style="" color:#c9c8cd; font-family:Arial,sans-serif; font-size:14px; line-height:17px; margin-bottom:0; margin-top:8px; overflow:hidden; padding:8px 0 7px; text-align:center; text-overflow:ellipsis; white-space:nowrap;""><a href=""https://www.instagram.com/reel/DTDYJupjVYv/?utm_source=ig_embed&amp;utm_campaign=loading"" style="" color:#c9c8cd; font-family:Arial,sans-serif; font-size:14px; font-style:normal; font-weight:normal; line-height:17px; text-decoration:none;"" target=""_blank"">A post shared by Nike Football (@usnikefootball)</a></p></div></blockquote>
<script async src=""//www.instagram.com/embed.js""></script>",,2
Jets Rivals,Nike/NFL,jets-rivals,,"VFX Studio,Corduroy[https://corduroy.studio/];
VFX Artist, Greg Joblove;
Client, Nike/NFL/Jets;",12/5/2025,"x,CFX_Jets_Breakdown.webm, 
CFX_Jets_Breakdown_sh002.webm",FALSE,TRUE,VFX,"Working with Corduroy, I created the two CG shots in the Nike Rivaliries Jets jerseys teaser.","cg comp, 2D comp",v,embed,"<blockquote class=""instagram-media"" data-instgrm-permalink=""https://www.instagram.com/reel/DR8CAsHD13X/?utm_source=ig_embed&amp;utm_campaign=loading"" data-instgrm-version=""14"" style="" background:#FFF; border:0; border-radius:3px; box-shadow:0 0 1px 0 rgba(0,0,0,0.5),0 1px 10px 0 rgba(0,0,0,0.15); margin: 1px; max-width:540px; min-width:326px; padding:0; width:99.375%; width:-webkit-calc(100% - 2px); width:calc(100% - 2px);""><div style=""padding:16px;""> <a href=""https://www.instagram.com/reel/DR8CAsHD13X/?utm_source=ig_embed&amp;utm_campaign=loading"" style="" background:#FFFFFF; line-height:0; padding:0 0; text-align:center; text-decoration:none; width:100%;"" target=""_blank""> <div style="" display: flex; flex-direction: row; align-items: center;""> <div style=""background-color: #F4F4F4; border-radius: 50%; flex-grow: 0; height: 40px; margin-right: 14px; width: 40px;""></div> <div style=""display: flex; flex-direction: column; flex-grow: 1; justify-content: center;""> <div style="" background-color: #F4F4F4; border-radius: 4px; flex-grow: 0; height: 14px; margin-bottom: 6px; width: 100px;""></div> <div style="" background-color: #F4F4F4; border-radius: 4px; flex-grow: 0; height: 14px; width: 60px;""></div></div></div><div style=""padding: 19% 0;""></div> <div style=""display:block; height:50px; margin:0 auto 12px; width:50px;""><svg width=""50px"" height=""50px"" viewBox=""0 0 60 60"" version=""1.1"" xmlns=""https://www.w3.org/2000/svg"" xmlns:xlink=""https://www.w3.org/1999/xlink""><g stroke=""none"" stroke-width=""1"" fill=""none"" fill-rule=""evenodd""><g transform=""translate(-511.000000, -20.000000)"" fill=""#000000""><g><path d=""M556.869,30.41 C554.814,30.41 553.148,32.076 553.148,34.131 C553.148,36.186 554.814,37.852 556.869,37.852 C558.924,37.852 560.59,36.186 560.59,34.131 C560.59,32.076 558.924,30.41 556.869,30.41 M541,60.657 C535.114,60.657 530.342,55.887 530.342,50 C530.342,44.114 535.114,39.342 541,39.342 C546.887,39.342 551.658,44.114 551.658,50 C551.658,55.887 546.887,60.657 541,60.657 M541,33.886 C532.1,33.886 524.886,41.1 524.886,50 C524.886,58.899 532.1,66.113 541,66.113 C549.9,66.113 557.115,58.899 557.115,50 C557.115,41.1 549.9,33.886 541,33.886 M565.378,62.101 C565.244,65.022 564.756,66.606 564.346,67.663 C563.803,69.06 563.154,70.057 562.106,71.106 C561.058,72.155 560.06,72.803 558.662,73.347 C557.607,73.757 556.021,74.244 553.102,74.378 C549.944,74.521 548.997,74.552 541,74.552 C533.003,74.552 532.056,74.521 528.898,74.378 C525.979,74.244 524.393,73.757 523.338,73.347 C521.94,72.803 520.942,72.155 519.894,71.106 C518.846,70.057 518.197,69.06 517.654,67.663 C517.244,66.606 516.755,65.022 516.623,62.101 C516.479,58.943 516.448,57.996 516.448,50 C516.448,42.003 516.479,41.056 516.623,37.899 C516.755,34.978 517.244,33.391 517.654,32.338 C518.197,30.938 518.846,29.942 519.894,28.894 C520.942,27.846 521.94,27.196 523.338,26.654 C524.393,26.244 525.979,25.756 528.898,25.623 C532.057,25.479 533.004,25.448 541,25.448 C548.997,25.448 549.943,25.479 553.102,25.623 C556.021,25.756 557.607,26.244 558.662,26.654 C560.06,27.196 561.058,27.846 562.106,28.894 C563.154,29.942 563.803,30.938 564.346,32.338 C564.756,33.391 565.244,34.978 565.378,37.899 C565.522,41.056 565.552,42.003 565.552,50 C565.552,57.996 565.522,58.943 565.378,62.101 M570.82,37.631 C570.674,34.438 570.167,32.258 569.425,30.349 C568.659,28.377 567.633,26.702 565.965,25.035 C564.297,23.368 562.623,22.342 560.652,21.575 C558.743,20.834 556.562,20.326 553.369,20.18 C550.169,20.033 549.148,20 541,20 C532.853,20 531.831,20.033 528.631,20.18 C525.438,20.326 523.257,20.834 521.349,21.575 C519.376,22.342 517.703,23.368 516.035,25.035 C514.368,26.702 513.342,28.377 512.574,30.349 C511.834,32.258 511.326,34.438 511.181,37.631 C511.035,40.831 511,41.851 511,50 C511,58.147 511.035,59.17 511.181,62.369 C511.326,65.562 511.834,67.743 512.574,69.651 C513.342,71.625 514.368,73.296 516.035,74.965 C517.703,76.634 519.376,77.658 521.349,78.425 C523.257,79.167 525.438,79.673 528.631,79.82 C531.831,79.965 532.853,80.001 541,80.001 C549.148,80.001 550.169,79.965 553.369,79.82 C556.562,79.673 558.743,79.167 560.652,78.425 C562.623,77.658 564.297,76.634 565.965,74.965 C567.633,73.296 568.659,71.625 569.425,69.651 C570.167,67.743 570.674,65.562 570.82,62.369 C570.966,59.17 571,58.147 571,50 C571,41.851 570.966,40.831 570.82,37.631""></path></g></g></g></svg></div><div style=""padding-top: 8px;""> <div style="" color:#3897f0; font-family:Arial,sans-serif; font-size:14px; font-style:normal; font-weight:550; line-height:18px;"">View this post on Instagram</div></div><div style=""padding: 12.5% 0;""></div> <div style=""display: flex; flex-direction: row; margin-bottom: 14px; align-items: center;""><div> <div style=""background-color: #F4F4F4; border-radius: 50%; height: 12.5px; width: 12.5px; transform: translateX(0px) translateY(7px);""></div> <div style=""background-color: #F4F4F4; height: 12.5px; transform: rotate(-45deg) translateX(3px) translateY(1px); width: 12.5px; flex-grow: 0; margin-right: 14px; margin-left: 2px;""></div> <div style=""background-color: #F4F4F4; border-radius: 50%; height: 12.5px; width: 12.5px; transform: translateX(9px) translateY(-18px);""></div></div><div style=""margin-left: 8px;""> <div style="" background-color: #F4F4F4; border-radius: 50%; flex-grow: 0; height: 20px; width: 20px;""></div> <div style="" width: 0; height: 0; border-top: 2px solid transparent; border-left: 6px solid #f4f4f4; border-bottom: 2px solid transparent; transform: translateX(16px) translateY(-4px) rotate(30deg)""></div></div><div style=""margin-left: auto;""> <div style="" width: 0px; border-top: 8px solid #F4F4F4; border-right: 8px solid transparent; transform: translateY(16px);""></div> <div style="" background-color: #F4F4F4; flex-grow: 0; height: 12px; width: 16px; transform: translateY(-4px);""></div> <div style="" width: 0; height: 0; border-top: 8px solid #F4F4F4; border-left: 8px solid transparent; transform: translateY(-4px) translateX(8px);""></div></div></div> <div style=""display: flex; flex-direction: column; flex-grow: 1; justify-content: center; margin-bottom: 24px;""> <div style="" background-color: #F4F4F4; border-radius: 4px; flex-grow: 0; height: 14px; margin-bottom: 6px; width: 224px;""></div> <div style="" background-color: #F4F4F4; border-radius: 4px; flex-grow: 0; height: 14px; width: 144px;""></div></div></a><p style="" color:#c9c8cd; font-family:Arial,sans-serif; font-size:14px; line-height:17px; margin-bottom:0; margin-top:8px; overflow:hidden; padding:8px 0 7px; text-align:center; text-overflow:ellipsis; white-space:nowrap;""><a href=""https://www.instagram.com/reel/DR8CAsHD13X/?utm_source=ig_embed&amp;utm_campaign=loading"" style="" color:#c9c8cd; font-family:Arial,sans-serif; font-size:14px; font-style:normal; font-weight:normal; line-height:17px; text-decoration:none;"" target=""_blank"">A post shared by Nike Football (@usnikefootball)</a></p></div></blockquote>
<script async src=""//www.instagram.com/embed.js""></script>",,2
Lumia,,lumia,ON-SET + VFX & MOGRAPH,"Director, Danny Dolan;
MoGraph & VFX, Greg Joblove;
Key Grip, Matteo Lewis[https://www.matteolewis.com/];
Production,DOLAN.[https://dolanproduction.com/];
Client,Lumia[https://lumia2.lumiahealth.com/];
",11/18/2025,"x,lumia_animations.webm,lumia_01.webp,lumia_02.webp,lumia_03.webp,",,TRUE,MoGraph,"I provided guidance and supervision on set, working closley with the director to frame shots in anticipation of added MoGraph elements. Then I worked with the Lumia team to develop and animate UI elements to simply illustrate primary functions of the Lumia 2. Helped with minor touch-ups and enhancements to footage as well. ","mograph, finishing",h,embed,"<iframe width=""560"" height=""315"" src=""https://www.youtube.com/embed/SdIRkWmsQPM?si=XltOcSzVhXkDMjuv"" title=""YouTube video player"" frameborder=""0"" allow=""accelerometer; autoplay; clipboard-write; encrypted-media; gyroscope; picture-in-picture; web-share"" referrerpolicy=""strict-origin-when-cross-origin"" allowfullscreen></iframe>",,2
Qi Health,,qi-health,MOGRAPH ARTIST,"Director,Jangho Yun;
Client,Qi Health[https://qi.health/];
Post Production, Atlantic Pictures;
MoGraph, Greg Joblove;",9/30/2025,"x,Qi_Mograph_Clip01.webm,Qi_Mograph_Clip02.webm,Qi_Mograph_Clip03.webm",,TRUE,MoGraph,I worked directly with Jangho and the Qi team to come up with a visual style that effectivley communicated the feel and functionality of the Qi Health app. I also coordinated with Atlantic Pictures to establish a team of freelancers to get the work done in just a few weeks. ,"mograph, ui animation",h,embed,"<blockquote class=""instagram-media"" data-instgrm-permalink=""https://www.instagram.com/reel/DPPgnu5gTdj/?utm_source=ig_embed&amp;utm_campaign=loading"" data-instgrm-version=""14"" style="" background:#FFF; border:0; border-radius:3px; box-shadow:0 0 1px 0 rgba(0,0,0,0.5),0 1px 10px 0 rgba(0,0,0,0.15); margin: 1px; max-width:540px; min-width:326px; padding:0; width:99.375%; width:-webkit-calc(100% - 2px); width:calc(100% - 2px);""><div style=""padding:16px;""> <a href=""https://www.instagram.com/reel/DPPgnu5gTdj/?utm_source=ig_embed&amp;utm_campaign=loading"" style="" background:#FFFFFF; line-height:0; padding:0 0; text-align:center; text-decoration:none; width:100%;"" target=""_blank""> <div style="" display: flex; flex-direction: row; align-items: center;""> <div style=""background-color: #F4F4F4; border-radius: 50%; flex-grow: 0; height: 40px; margin-right: 14px; width: 40px;""></div> <div style=""display: flex; flex-direction: column; flex-grow: 1; justify-content: center;""> <div style="" background-color: #F4F4F4; border-radius: 4px; flex-grow: 0; height: 14px; margin-bottom: 6px; width: 100px;""></div> <div style="" background-color: #F4F4F4; border-radius: 4px; flex-grow: 0; height: 14px; width: 60px;""></div></div></div><div style=""padding: 19% 0;""></div> <div style=""display:block; height:50px; margin:0 auto 12px; width:50px;""><svg width=""50px"" height=""50px"" viewBox=""0 0 60 60"" version=""1.1"" xmlns=""https://www.w3.org/2000/svg"" xmlns:xlink=""https://www.w3.org/1999/xlink""><g stroke=""none"" stroke-width=""1"" fill=""none"" fill-rule=""evenodd""><g transform=""translate(-511.000000, -20.000000)"" fill=""#000000""><g><path d=""M556.869,30.41 C554.814,30.41 553.148,32.076 553.148,34.131 C553.148,36.186 554.814,37.852 556.869,37.852 C558.924,37.852 560.59,36.186 560.59,34.131 C560.59,32.076 558.924,30.41 556.869,30.41 M541,60.657 C535.114,60.657 530.342,55.887 530.342,50 C530.342,44.114 535.114,39.342 541,39.342 C546.887,39.342 551.658,44.114 551.658,50 C551.658,55.887 546.887,60.657 541,60.657 M541,33.886 C532.1,33.886 524.886,41.1 524.886,50 C524.886,58.899 532.1,66.113 541,66.113 C549.9,66.113 557.115,58.899 557.115,50 C557.115,41.1 549.9,33.886 541,33.886 M565.378,62.101 C565.244,65.022 564.756,66.606 564.346,67.663 C563.803,69.06 563.154,70.057 562.106,71.106 C561.058,72.155 560.06,72.803 558.662,73.347 C557.607,73.757 556.021,74.244 553.102,74.378 C549.944,74.521 548.997,74.552 541,74.552 C533.003,74.552 532.056,74.521 528.898,74.378 C525.979,74.244 524.393,73.757 523.338,73.347 C521.94,72.803 520.942,72.155 519.894,71.106 C518.846,70.057 518.197,69.06 517.654,67.663 C517.244,66.606 516.755,65.022 516.623,62.101 C516.479,58.943 516.448,57.996 516.448,50 C516.448,42.003 516.479,41.056 516.623,37.899 C516.755,34.978 517.244,33.391 517.654,32.338 C518.197,30.938 518.846,29.942 519.894,28.894 C520.942,27.846 521.94,27.196 523.338,26.654 C524.393,26.244 525.979,25.756 528.898,25.623 C532.057,25.479 533.004,25.448 541,25.448 C548.997,25.448 549.943,25.479 553.102,25.623 C556.021,25.756 557.607,26.244 558.662,26.654 C560.06,27.196 561.058,27.846 562.106,28.894 C563.154,29.942 563.803,30.938 564.346,32.338 C564.756,33.391 565.244,34.978 565.378,37.899 C565.522,41.056 565.552,42.003 565.552,50 C565.552,57.996 565.522,58.943 565.378,62.101 M570.82,37.631 C570.674,34.438 570.167,32.258 569.425,30.349 C568.659,28.377 567.633,26.702 565.965,25.035 C564.297,23.368 562.623,22.342 560.652,21.575 C558.743,20.834 556.562,20.326 553.369,20.18 C550.169,20.033 549.148,20 541,20 C532.853,20 531.831,20.033 528.631,20.18 C525.438,20.326 523.257,20.834 521.349,21.575 C519.376,22.342 517.703,23.368 516.035,25.035 C514.368,26.702 513.342,28.377 512.574,30.349 C511.834,32.258 511.326,34.438 511.181,37.631 C511.035,40.831 511,41.851 511,50 C511,58.147 511.035,59.17 511.181,62.369 C511.326,65.562 511.834,67.743 512.574,69.651 C513.342,71.625 514.368,73.296 516.035,74.965 C517.703,76.634 519.376,77.658 521.349,78.425 C523.257,79.167 525.438,79.673 528.631,79.82 C531.831,79.965 532.853,80.001 541,80.001 C549.148,80.001 550.169,79.965 553.369,79.82 C556.562,79.673 558.743,79.167 560.652,78.425 C562.623,77.658 564.297,76.634 565.965,74.965 C567.633,73.296 568.659,71.625 569.425,69.651 C570.167,67.743 570.674,65.562 570.82,62.369 C570.966,59.17 571,58.147 571,50 C571,41.851 570.966,40.831 570.82,37.631""></path></g></g></g></svg></div><div style=""padding-top: 8px;""> <div style="" color:#3897f0; font-family:Arial,sans-serif; font-size:14px; font-style:normal; font-weight:550; line-height:18px;"">View this post on Instagram</div></div><div style=""padding: 12.5% 0;""></div> <div style=""display: flex; flex-direction: row; margin-bottom: 14px; align-items: center;""><div> <div style=""background-color: #F4F4F4; border-radius: 50%; height: 12.5px; width: 12.5px; transform: translateX(0px) translateY(7px);""></div> <div style=""background-color: #F4F4F4; height: 12.5px; transform: rotate(-45deg) translateX(3px) translateY(1px); width: 12.5px; flex-grow: 0; margin-right: 14px; margin-left: 2px;""></div> <div style=""background-color: #F4F4F4; border-radius: 50%; height: 12.5px; width: 12.5px; transform: translateX(9px) translateY(-18px);""></div></div><div style=""margin-left: 8px;""> <div style="" background-color: #F4F4F4; border-radius: 50%; flex-grow: 0; height: 20px; width: 20px;""></div> <div style="" width: 0; height: 0; border-top: 2px solid transparent; border-left: 6px solid #f4f4f4; border-bottom: 2px solid transparent; transform: translateX(16px) translateY(-4px) rotate(30deg)""></div></div><div style=""margin-left: auto;""> <div style="" width: 0px; border-top: 8px solid #F4F4F4; border-right: 8px solid transparent; transform: translateY(16px);""></div> <div style="" background-color: #F4F4F4; flex-grow: 0; height: 12px; width: 16px; transform: translateY(-4px);""></div> <div style="" width: 0; height: 0; border-top: 8px solid #F4F4F4; border-left: 8px solid transparent; transform: translateY(-4px) translateX(8px);""></div></div></div> <div style=""display: flex; flex-direction: column; flex-grow: 1; justify-content: center; margin-bottom: 24px;""> <div style="" background-color: #F4F4F4; border-radius: 4px; flex-grow: 0; height: 14px; margin-bottom: 6px; width: 224px;""></div> <div style="" background-color: #F4F4F4; border-radius: 4px; flex-grow: 0; height: 14px; width: 144px;""></div></div></a><p style="" color:#c9c8cd; font-family:Arial,sans-serif; font-size:14px; line-height:17px; margin-bottom:0; margin-top:8px; overflow:hidden; padding:8px 0 7px; text-align:center; text-overflow:ellipsis; white-space:nowrap;""><a href=""https://www.instagram.com/reel/DPPgnu5gTdj/?utm_source=ig_embed&amp;utm_campaign=loading"" style="" color:#c9c8cd; font-family:Arial,sans-serif; font-size:14px; font-style:normal; font-weight:normal; line-height:17px; text-decoration:none;"" target=""_blank"">A post shared by Edward Chiu (@edwardchiu88)</a></p></div></blockquote>
<script async src=""//www.instagram.com/embed.js""></script>",,2
Dolphins Rivals,Nike/NFL,dolphins-rivals,,"VFX Studio,Corduroy[https://corduroy.studio/];
VFX Artist, Greg Joblove;
Client, Nike/NFL/Dolphins;",9/29/2025,"x,CFX_Nike-Rivalries_Dolphins_Clip01.webm,CFX_Nike-Rivalries_Dolphins_Clip02a.webm,CFX_Nike-Rivalries_Dolphins_Clip03a.webm",FALSE,TRUE,VFX,"Working with Corduroy, I was responsible for invisible VFX, changing and removing names and logos to keep the Instagram teaser for the Nike Dolphins x Jets Rivalry jerseys as focused as possible.","paint-out, cleanup, comp",v,embed,"<blockquote class=""instagram-media"" data-instgrm-permalink=""https://www.instagram.com/reel/DPL9-YujeaO/?utm_source=ig_embed&amp;utm_campaign=loading"" data-instgrm-version=""14"" style="" background:#FFF; border:0; border-radius:3px; box-shadow:0 0 1px 0 rgba(0,0,0,0.5),0 1px 10px 0 rgba(0,0,0,0.15); margin: 1px; max-width:540px; min-width:326px; padding:0; width:99.375%; width:-webkit-calc(100% - 2px); width:calc(100% - 2px);""><div style=""padding:16px;""> <a href=""https://www.instagram.com/reel/DPL9-YujeaO/?utm_source=ig_embed&amp;utm_campaign=loading"" style="" background:#FFFFFF; line-height:0; padding:0 0; text-align:center; text-decoration:none; width:100%;"" target=""_blank""> <div style="" display: flex; flex-direction: row; align-items: center;""> <div style=""background-color: #F4F4F4; border-radius: 50%; flex-grow: 0; height: 40px; margin-right: 14px; width: 40px;""></div> <div style=""display: flex; flex-direction: column; flex-grow: 1; justify-content: center;""> <div style="" background-color: #F4F4F4; border-radius: 4px; flex-grow: 0; height: 14px; margin-bottom: 6px; width: 100px;""></div> <div style="" background-color: #F4F4F4; border-radius: 4px; flex-grow: 0; height: 14px; width: 60px;""></div></div></div><div style=""padding: 19% 0;""></div> <div style=""display:block; height:50px; margin:0 auto 12px; width:50px;""><svg width=""50px"" height=""50px"" viewBox=""0 0 60 60"" version=""1.1"" xmlns=""https://www.w3.org/2000/svg"" xmlns:xlink=""https://www.w3.org/1999/xlink""><g stroke=""none"" stroke-width=""1"" fill=""none"" fill-rule=""evenodd""><g transform=""translate(-511.000000, -20.000000)"" fill=""#000000""><g><path d=""M556.869,30.41 C554.814,30.41 553.148,32.076 553.148,34.131 C553.148,36.186 554.814,37.852 556.869,37.852 C558.924,37.852 560.59,36.186 560.59,34.131 C560.59,32.076 558.924,30.41 556.869,30.41 M541,60.657 C535.114,60.657 530.342,55.887 530.342,50 C530.342,44.114 535.114,39.342 541,39.342 C546.887,39.342 551.658,44.114 551.658,50 C551.658,55.887 546.887,60.657 541,60.657 M541,33.886 C532.1,33.886 524.886,41.1 524.886,50 C524.886,58.899 532.1,66.113 541,66.113 C549.9,66.113 557.115,58.899 557.115,50 C557.115,41.1 549.9,33.886 541,33.886 M565.378,62.101 C565.244,65.022 564.756,66.606 564.346,67.663 C563.803,69.06 563.154,70.057 562.106,71.106 C561.058,72.155 560.06,72.803 558.662,73.347 C557.607,73.757 556.021,74.244 553.102,74.378 C549.944,74.521 548.997,74.552 541,74.552 C533.003,74.552 532.056,74.521 528.898,74.378 C525.979,74.244 524.393,73.757 523.338,73.347 C521.94,72.803 520.942,72.155 519.894,71.106 C518.846,70.057 518.197,69.06 517.654,67.663 C517.244,66.606 516.755,65.022 516.623,62.101 C516.479,58.943 516.448,57.996 516.448,50 C516.448,42.003 516.479,41.056 516.623,37.899 C516.755,34.978 517.244,33.391 517.654,32.338 C518.197,30.938 518.846,29.942 519.894,28.894 C520.942,27.846 521.94,27.196 523.338,26.654 C524.393,26.244 525.979,25.756 528.898,25.623 C532.057,25.479 533.004,25.448 541,25.448 C548.997,25.448 549.943,25.479 553.102,25.623 C556.021,25.756 557.607,26.244 558.662,26.654 C560.06,27.196 561.058,27.846 562.106,28.894 C563.154,29.942 563.803,30.938 564.346,32.338 C564.756,33.391 565.244,34.978 565.378,37.899 C565.522,41.056 565.552,42.003 565.552,50 C565.552,57.996 565.522,58.943 565.378,62.101 M570.82,37.631 C570.674,34.438 570.167,32.258 569.425,30.349 C568.659,28.377 567.633,26.702 565.965,25.035 C564.297,23.368 562.623,22.342 560.652,21.575 C558.743,20.834 556.562,20.326 553.369,20.18 C550.169,20.033 549.148,20 541,20 C532.853,20 531.831,20.033 528.631,20.18 C525.438,20.326 523.257,20.834 521.349,21.575 C519.376,22.342 517.703,23.368 516.035,25.035 C514.368,26.702 513.342,28.377 512.574,30.349 C511.834,32.258 511.326,34.438 511.181,37.631 C511.035,40.831 511,41.851 511,50 C511,58.147 511.035,59.17 511.181,62.369 C511.326,65.562 511.834,67.743 512.574,69.651 C513.342,71.625 514.368,73.296 516.035,74.965 C517.703,76.634 519.376,77.658 521.349,78.425 C523.257,79.167 525.438,79.673 528.631,79.82 C531.831,79.965 532.853,80.001 541,80.001 C549.148,80.001 550.169,79.965 553.369,79.82 C556.562,79.673 558.743,79.167 560.652,78.425 C562.623,77.658 564.297,76.634 565.965,74.965 C567.633,73.296 568.659,71.625 569.425,69.651 C570.167,67.743 570.674,65.562 570.82,62.369 C570.966,59.17 571,58.147 571,50 C571,41.851 570.966,40.831 570.82,37.631""></path></g></g></g></svg></div><div style=""padding-top: 8px;""> <div style="" color:#3897f0; font-family:Arial,sans-serif; font-size:14px; font-style:normal; font-weight:550; line-height:18px;"">View this post on Instagram</div></div><div style=""padding: 12.5% 0;""></div> <div style=""display: flex; flex-direction: row; margin-bottom: 14px; align-items: center;""><div> <div style=""background-color: #F4F4F4; border-radius: 50%; height: 12.5px; width: 12.5px; transform: translateX(0px) translateY(7px);""></div> <div style=""background-color: #F4F4F4; height: 12.5px; transform: rotate(-45deg) translateX(3px) translateY(1px); width: 12.5px; flex-grow: 0; margin-right: 14px; margin-left: 2px;""></div> <div style=""background-color: #F4F4F4; border-radius: 50%; height: 12.5px; width: 12.5px; transform: translateX(9px) translateY(-18px);""></div></div><div style=""margin-left: 8px;""> <div style="" background-color: #F4F4F4; border-radius: 50%; flex-grow: 0; height: 20px; width: 20px;""></div> <div style="" width: 0; height: 0; border-top: 2px solid transparent; border-left: 6px solid #f4f4f4; border-bottom: 2px solid transparent; transform: translateX(16px) translateY(-4px) rotate(30deg)""></div></div><div style=""margin-left: auto;""> <div style="" width: 0px; border-top: 8px solid #F4F4F4; border-right: 8px solid transparent; transform: translateY(16px);""></div> <div style="" background-color: #F4F4F4; flex-grow: 0; height: 12px; width: 16px; transform: translateY(-4px);""></div> <div style="" width: 0; height: 0; border-top: 8px solid #F4F4F4; border-left: 8px solid transparent; transform: translateY(-4px) translateX(8px);""></div></div></div> <div style=""display: flex; flex-direction: column; flex-grow: 1; justify-content: center; margin-bottom: 24px;""> <div style="" background-color: #F4F4F4; border-radius: 4px; flex-grow: 0; height: 14px; margin-bottom: 6px; width: 224px;""></div> <div style="" background-color: #F4F4F4; border-radius: 4px; flex-grow: 0; height: 14px; width: 144px;""></div></div></a><p style="" color:#c9c8cd; font-family:Arial,sans-serif; font-size:14px; line-height:17px; margin-bottom:0; margin-top:8px; overflow:hidden; padding:8px 0 7px; text-align:center; text-overflow:ellipsis; white-space:nowrap;""><a href=""https://www.instagram.com/reel/DPL9-YujeaO/?utm_source=ig_embed&amp;utm_campaign=loading"" style="" color:#c9c8cd; font-family:Arial,sans-serif; font-size:14px; font-style:normal; font-weight:normal; line-height:17px; text-decoration:none;"" target=""_blank"">A post shared by Nike Football (@usnikefootball)</a></p></div></blockquote>
<script async src=""//www.instagram.com/embed.js""></script>",,2
Trackstar* Bumper,,trackstar,,"Studio, Public Opinion[https://www.publicopinion.nyc/];",9/20/2025,"x,Trackstar_Bumper_Clip01.webm,Trackstar_Bumper_Clip02.webm,Trackstar_Bumper_Clip03.webm,Trackstar_Bumper_Clip04.webm",FALSE,TRUE,MoGraph,"I created an animated openeing sequence for Public Opinion Production's Trackstar Podcast. The task was open ended, with media assets to be included and a mixed media aesthetic similar to that which I had established in my other work for Public Opinion. ","mograph, mixed media",h,embed,"<iframe width=""560"" height=""315"" src=""https://www.youtube.com/embed/Bo1ZYCNRGs0?si=vs9ChkTRiI8BSQpW&amp;start=61"" title=""YouTube video player"" frameborder=""0"" allow=""accelerometer; autoplay; clipboard-write; encrypted-media; gyroscope; picture-in-picture; web-share"" referrerpolicy=""strict-origin-when-cross-origin"" allowfullscreen></iframe>",,2
A Different League,Big XII,big-xii,ADD'TL VFX,"VFX Studio,Corduroy[https://corduroy.studio/];
VFX Artist, Greg Joblove;
Client, Big XII Confrence;",8/21/2025,"x,BIG-XII_Wide01_Breakdown.webm,BIG-XII_Wide02_Breakdown.webm",FALSE,TRUE,VFX,"Working with Corduroy, I helped with two set extensions on this project, bulding out new football fields using 2D assets and procedural noise.","set extension, comp",h,embed,"<iframe width=""476"" height=""268"" src=""https://www.youtube.com/embed/Q5YCVboPZ1A?si=TtwyAkSAJe5Qev3t"" title=""YouTube video player"" frameborder=""0"" allow=""accelerometer; autoplay; clipboard-write; encrypted-media; gyroscope; picture-in-picture; web-share"" referrerpolicy=""strict-origin-when-cross-origin"" allowfullscreen></iframe>",,2
Postcards of Summer,90 Plus Cellars,90-plus,,"Client,90 Plus Cellars;
Director, Evan St. Martin;
VFX,Greg Joblove;",8/15/2025,"x,90_PLS_Stills.webm,90_PLS_Wipes.webm",,TRUE,VFX,"To show 3 different looks and 3 different bottles in a single, locked-off zoom shot. Harkening back to the Corona commercials of the 90’s, this “oner” is 7 different shots seamlessley stiched together. Provided guidence on set and responsible for all splitscreen comp work as well as minor touch-ups and paintouts.
","vfx supervision, comp, paint-out",h,embed,"<div style=""padding:56.25% 0 0 0;position:relative;""><iframe src=""https://player.vimeo.com/video/1108709105?badge=0&amp;autopause=0&amp;player_id=0&amp;app_id=58479"" frameborder=""0"" allow=""autoplay; fullscreen; picture-in-picture; clipboard-write; encrypted-media; web-share"" referrerpolicy=""strict-origin-when-cross-origin"" style=""position:absolute;top:0;left:0;width:100%;height:100%;"" title=""90+Cellars""></iframe></div><script src=""https://player.vimeo.com/api/player.js""></script>",,2
The Subway,Chappell Roan,subway,ON-SET VFX SUPERVISOR,"Artist, Chappell Roan;
VFX Studio,Corduroy[https://corduroy.studio/];
On-Set VFX Supervisor,Greg Joblove;
Director, Amber Grace Johnson;",8/1/2025,"x,TheSubway_HDRI-Showcase01.webm,TheSubway_HDRI-Showcase02.webm,TheSubway_LiDAR-Showcase01.webm,TheSubway_Set-Showcase01.webp,CFX-Subway_Still01.webp",FALSE,TRUE,VFX,"I represented Corduroy on set, working closely with the lead creative team and coordinating VFX-heavy sequences. I worked with G&E, stunts, and art department to build bluescreen sets, modify props, and help talent feel comfortable. I also gathered HDRI, LiDAR, refrence photography, and other measurments to set team up for success.","vfx supervision, hdri, lidar",h,embed,"<iframe width=""476"" height=""268"" src=""https://www.youtube.com/embed/woLfAvD5iXI?si=TOXKD445qHQs7zq-"" title=""YouTube video player"" frameborder=""0"" allow=""accelerometer; autoplay; clipboard-write; encrypted-media; gyroscope; picture-in-picture; web-share"" referrerpolicy=""strict-origin-when-cross-origin"" allowfullscreen></iframe>",,2
Cincinnati Insurance,,cincinnati,,"VFX,Corduroy[https://corduroy.studio/];
VFX Artist, Greg Joblove;
Client, Cincinnati Financial;",6/20/2025,"x,CFX-CIC_Breakdown.webm,CIC_REEL-Glass_Turntable.webm,CIC_REEL-Tree_Turntable.webm",FALSE,TRUE,VFX,"Working with Corduroy, I created an eye-catching opening shot for a home insurance television commerical. I worked on this shot top to bottom; building a CG destruction scene, compositing into plate photography and comping minor touch-ups and paint-outs.","cg comp, set augmenation",h,embed,"<iframe width=""560"" height=""315"" src=""https://www.youtube.com/embed/Aa9a-XT_VMU?si=UjrkCcTuQfUBGU9f"" title=""YouTube video player"" frameborder=""0"" allow=""accelerometer; autoplay; clipboard-write; encrypted-media; gyroscope; picture-in-picture; web-share"" referrerpolicy=""strict-origin-when-cross-origin"" allowfullscreen></iframe>",,2
Shitfly,,shitfly,,"Director, Julian Park[https://julianpark.com/];
VFX Supervisor, Matthew Wauhkonen[https://www.mattwauhkonen.com/]",6/1/2025,"
shitfly.webp,SF_fly-turntable.webm,SF_Clip01.webm,SF_Clip02.webm,SF_Clip03.webm
",FALSE,TRUE,VFX,I animated and comped a CG fly into a dozen or so shots.,"cg animation, cg comp",v,,,https://julianpark.com/shitfly/,2
Under the Lights,,under-the-lights,ADD'TL VFX,"Director, Miles Levin;
VFX, Phosphene FX;
ADD'L VFX, Greg Joblove;",4/28/2025,"under-the-lights.webp,UTL_Neurons.webm,UTL_Geometry.webp",FALSE,TRUE,VFX,"I created a CG brain shot using geometry generated in Houdini, rendered in Blender, and comped in Nuke.","cg neurons, cg comp, animation",v,,,https://www.imdb.com/title/tt32314672/,2
Stay,BANKS,stay,,"Artist & Director,BANKS;
Label,Tap Managment;
VFX,Greg Joblove",4/21/2025,"x,Banks_Stay_Clip01a.webm,
Banks_Stay_Clip02.webm",FALSE,TRUE,VFX,I completed last minute touch-ups and an eye-diallation effect shot.,"beauty, eye reflection cleanup",h,embed,"<iframe width=""560"" height=""315"" src=""https://www.youtube.com/embed/RjIhDQ-GQ4E?si=KUxnUGCjH5tnk4g8&amp;start=62"" title=""YouTube video player"" frameborder=""0"" allow=""accelerometer; autoplay; clipboard-write; encrypted-media; gyroscope; picture-in-picture; web-share"" referrerpolicy=""strict-origin-when-cross-origin"" allowfullscreen></iframe>",,2
A Thousand Cranes,,thousand-cranes,,"Director, Jangho Yun[https://www.janghoyun.com/];
VFX,Greg Joblove;
Production, Wesleyan University;
",4/18/2025,"thousand-cranes.webp,Thousand-Cranes_Clip01.webm,Thousand-Cranes_Clip02.webm,Thousand-Cranes_Clip03.webm,Thousand-Cranes_Clip04.webm",FALSE,TRUE,VFX,"I lit, animated, and comped a swarm of CG origami cranes.","cg animation, cg comp, cleanup",v,image,,,2
Deleware Aqueduct,,aqueduct,,"Studio, Public Opinion[https://www.publicopinion.nyc/];",4/13/2025,"x,PO_Aqeuduct_Clip01.webm,PO_Aqeuduct_Clip02.webm,PO_Aqeuduct_Still01.webp,PO_Aqeuduct_Still02.webp
",FALSE,TRUE,MoGraph,I animated a number of 2D and 3D explanatory assets to illustrate different aspects of the Delaware Aqueduct project. Created in After Effects with a mixed media aesthetic.,explanatory graphics,h,embed,"<iframe width=""560"" height=""315"" src=""https://www.youtube.com/embed/xAQcbzBlaGU?si=WmsSORX_n9ce6XLP"" title=""YouTube video player"" frameborder=""0"" allow=""accelerometer; autoplay; clipboard-write; encrypted-media; gyroscope; picture-in-picture; web-share"" referrerpolicy=""strict-origin-when-cross-origin"" allowfullscreen></iframe>",,2
EAGZ,,eagz,,"Director, Romy Beckman;
VFX, Greg Joblove;
Production, Wesleyan University;
",4/11/2025,,FALSE,FALSE,VFX,I was responsible for invisible VFX involving tracking the title logo of the film throughout.,"tracking, cleanup, compositing",h,,,,2
Swim Chicken,,swim-chicken,,"Director, Amelie Boose;
VFX, Greg Joblove;
Production, Wesleyan University;
",4/9/2025,swim-chicken.webp,FALSE,TRUE,VFX,I worked on a number of invisible effects and green screen comp work to polish and enhance the footage captured on set.,"keying, reflection cleanup",v,image,,,2
Music Video Final,,,,"Director, Greg Joblove;
Production, Wesleyan University;
",1/9/2025,,FALSE,FALSE,VFX,I completed a music video top to bottom as a final assignment for a Music Video class at Wesleyan.,"cg animation, cg comp, vhs emulation",h,,,,2
Empire State Building,,empire-state,,"Studio, Public Opinion[https://www.publicopinion.nyc/];
Client, Empire State Building;",12/11/2024,"x,PO_ESB-Clip01.webm,PO_ESB-Clip02.webm,PO_ESB-Clip03.webm,",FALSE,TRUE,MoGraph,I animated a number of 2D explanatory assets to depict the pump system in the Empire State Building using After Effects with a mixed media aesthetic.,"explainer graphics, 2D animation",h,embed,"<iframe width=""560"" height=""315"" src=""https://www.youtube.com/embed/UW8Efc0vj1w?si=Vn7nBEoOV-FvY2IA"" title=""YouTube video player"" frameborder=""0"" allow=""accelerometer; autoplay; clipboard-write; encrypted-media; gyroscope; picture-in-picture; web-share"" referrerpolicy=""strict-origin-when-cross-origin"" allowfullscreen></iframe>",,2
Where We Come From,Popcaan,popcaan,,"Artist, Popcaan;
Director, Eóin MacManus[https://www.eoinmacmanus.com/];
VFX, Greg Joblove;
",11/20/2024,"x,PCN_ComeFrom_Clip01.webm,PCN_ComeFrom_Clip02.webm",FALSE,TRUE,VFX,I worked on some abstract car green-screen shots.,"keying, comp",h,embed,"<iframe width=""560"" height=""315"" src=""https://www.youtube.com/embed/lj-gNG4NAQE?si=N_J8mPHZQrAoTmFW"" title=""YouTube video player"" frameborder=""0"" allow=""accelerometer; autoplay; clipboard-write; encrypted-media; gyroscope; picture-in-picture; web-share"" referrerpolicy=""strict-origin-when-cross-origin"" allowfullscreen></iframe>",,2
Wires and Trees,Brooks Olson,w&t,,"Artist, Brooks Olson;
Director, Greg Joblove;
Production, Wesleyan University;
",11/2/2024,"
WiresAndTrees.webm,WT_Wipe.webm,WT_Still01.webp,WT_Still02.webp,WT_Still03.webp,",FALSE,TRUE,VFX,"I wrote, directed, shot, and completed VFX work to create a music video for Brooks Olson as a midterm for a music video class","cg animation, cg comp",h,image,,,2
Worth It?,Shake Shack,worth-it,,"Studio, Public Opinion[https://www.publicopinion.nyc/];
Client, Shake Shack;",10/16/2024,"x,PO_SS-WorthIt_01.webm,PO_SS-WorthIt_05.webm",FALSE,TRUE,MoGraph,I created graphics to elevate and bookend each segment.,mixed media,h,embed,"<iframe width=""560"" height=""315"" src=""https://www.youtube.com/embed/DclGZRRxUWI?si=BU55yvyBFj-ziJws"" title=""YouTube video player"" frameborder=""0"" allow=""accelerometer; autoplay; clipboard-write; encrypted-media; gyroscope; picture-in-picture; web-share"" referrerpolicy=""strict-origin-when-cross-origin"" allowfullscreen></iframe>",,2
360 Camera Tracking,Insta360,360cam,,"Client, Insta360;
Creator, MAKE. ART. NOW.;",9/10/2024,,FALSE,FALSE,VFX,"An experiment where I came up with a method of resolving camera movement through the use of a synced, Insta360 X4 360° witness camera. I used Syntheyes to track and solve the shot, and line the two cameras up in virtual space in Blender. Insta360 press release[https://www.insta360.com/blog/creator-stories/insta360-vfx-reality-capture.html]","r&d, matchmove, sponsored content",h,embed,"<iframe width=""560"" height=""315"" src=""https://www.youtube.com/embed/NdjBN0YQLxQ?si=HCk1hCAPqM-kkZsL&amp;start=118"" title=""YouTube video player"" frameborder=""0"" allow=""accelerometer; autoplay; clipboard-write; encrypted-media; gyroscope; picture-in-picture; web-share"" referrerpolicy=""strict-origin-when-cross-origin"" allowfullscreen></iframe>",,2
Subway Animation,Dehancer,dehance,,"Client, Dehancer[https://www.dehancer.com/];
",8/16/2024,,FALSE,FALSE,VFX,I created an animation paying homage to the outgoing fleet of R46 New york City Subway cars while highlighting the use of the Dehancer film emulation plugin in a compositing use case.,"cg animation, comp, sponsored content",h,,,,2
Backlot,,backlot,,"Studio, Atlantic Pictures[https://atlanticpictures.com/];
Client, Backlot;",8/4/2024,,FALSE,FALSE,MoGraph,"I determined a motion graphic style for Backlot, a company focused on connecting real estate developers with film sets.","map animation, typography",h,,,,2
The Mix,,mixing,,"Director, Christian La Morte;
VFX, Maxwell Seiler [https://maxseiler.com/];
Add'l VFX, Greg Joblove;",7/15/2024,Themix.jpg,FALSE,FALSE,VFX,I tracked and comped a logo onto a jar for a few shots.,"invisible fx, object tracking, comp",v,,,,2
WHOOP,,whoop,,"Director, Danny Dolan[https://dannydolan.com/];
Agency, Adlab[https://www.buadlab.com/];",6/12/2024,,FALSE,FALSE,MoGraph,"I matched, animated, and incorperated the WHOOP app interface into live action footage to illustrate the statistics the wearable tracks.",UI animation,h,,,,2
The Crooner,,crooner,,"Director, John Earling;
Production, Cardinal Pictures;",4/27/2024,"
the-crooner.webp,TheCroonerBreakdown.webm,TheCrooner_Still01.webp,TheCrooner_Still02.webp,TheCrooner_Still03.webp",FALSE,TRUE,VFX,I put the protaganist of my classmate's film into a microwave for a surreal dream sequence.,"cg microwave, keying, comp",v,,,,2
Remnants of Nova,,nova,,"Director, James Barker;
VFX Supervisor, Mark DePasquale;
VFX Artist, Greg Joblove;",4/9/2024,"remnants-of-nova.webp,Ron_Stills_01.webp,Ron_Stills_02.webp,Ron_Stills_04.webp,RoN_Clip01.webm
",FALSE,TRUE,VFX,I augmented and re-animated a number of shots using NASA footage of the sun as plates to emulate the look of the lenses used for the rest of production.,"plate agumentation, look dev",v,image,,,2
Volvo Spec,,volvo,,"SPEC WORK,;
Director, Greg Joblove;",3/21/2024,,FALSE,FALSE,VFX,"I created an animated spec ad for Volvo's S90 line of plug-in hybrid sedans, focusing on the ability of the electric-hybrid powertrain to provide both power and comfort. I animated and rendered in Blender, with comping in Nuke. ","cg animation, cg comp",h,,,,2
A Shared Table,,shared table,,"Director, Vince Li;",11/20/2023,,FALSE,FALSE,VFX,"I performed simple set augmentation, paint out, and general cleanup work. ",cleanup,v,,,,2
Bridgewater 30th Anniversary,,bridgewater,,"Agency, Moving Pictures[https://www.movingpicturesllc.com/];
Client, Bridgewater Advisors",7/13/2023,"x,BridgewaterAnim.webm",FALSE,TRUE,MoGraph,"I created a short and elegant logo animation for a financial advising firm, celebrating their 30th anniversary. ",logo animation,h,embed,"<iframe width=""560"" height=""315"" src=""https://www.youtube.com/embed/gkv5hBUlzI8?si=qPidK2oOfdsc8RL3"" title=""YouTube video player"" frameborder=""0"" allow=""accelerometer; autoplay; clipboard-write; encrypted-media; gyroscope; picture-in-picture; web-share"" referrerpolicy=""strict-origin-when-cross-origin"" allowfullscreen></iframe>",,1
Inspire 3,DJI,dji,,"Client, DJI;
Creator, MAKE. ART. NOW.;",4/10/2023,,FALSE,FALSE,VFX,I created some 3D animations for what was ultimately a binned DJI campaign to launch/review the Inspire 3 drone in collaboration with Josh Yeo from Make Art Now. ,"cg animation, comp",h,,,,2
Bankrupt Opener,,bankrupt,,"Client, Bright Sun Films;",10/21/2022,"x,BSF_Bankrupt_Clip01.webm,BSF_Bankrupt_Still01.webp,BSF_Bankrupt_Still02.webp",FALSE,TRUE,MoGraph,"I created a 30 second opening bumper for Jake Williams' doc series, Bankrupt, in After Effects. The aim was to revamp the existing opener. I used the audio to guide the creation of the new piece.",title sequence,h,embed,"<iframe width=""560"" height=""315"" src=""https://www.youtube.com/embed/jSoLKgP-hhc?si=a1eyxpPHDqYhi6N7&amp;start=61"" title=""YouTube video player"" frameborder=""0"" allow=""accelerometer; autoplay; clipboard-write; encrypted-media; gyroscope; picture-in-picture; web-share"" referrerpolicy=""strict-origin-when-cross-origin"" allowfullscreen></iframe>",,2
Anamorphia II,,anamorphia ii,,"Client, MAKE. ART. NOW.;
Director, Josh Yeo;",2/5/2021,"x,MAN_Anamorphia_Clip01.webm,MAN_Anamorphia_Clip02.webm,MAN_Anamorphia_Clip03.webm",FALSE,TRUE,VFX,"I completed 70+ VFX shots in the span of two weeks while manageing a team of 15 remote VFX artists, establishing a simple pipeline to keep things organized. I also created custom UI elements for O.T.I.S., and created a (no longer for sale) VFX pack.","UI elements, tracking, roto, comp",h,embed,"<iframe width=""560"" height=""315"" src=""https://www.youtube.com/embed/4ARs7-M3ocU?si=V53BQ4JMoOmpc0uM"" title=""YouTube video player"" frameborder=""0"" allow=""accelerometer; autoplay; clipboard-write; encrypted-media; gyroscope; picture-in-picture; web-share"" referrerpolicy=""strict-origin-when-cross-origin"" allowfullscreen></iframe>",,2
Bright Sun Travels Maps,,bst maps,,"Client, Bright Sun Films;",,,FALSE,FALSE,MoGraph,,"map animation, ",h,,,,2